GEO.id,GEO.id2,GEO.display-label,HD01_VD02,HD02_VD02,HD01_VD04,HD02_VD04,HD01_VD05,HD02_VD05,HD01_VD06,HD02_VD06,HD01_VD08,HD02_VD08,HD01_VD09,HD02_VD09,HD01_VD10,HD02_VD10,,,,,,,,,,
Id,Id2,Geography,Estimate, Median earnings in the past 12 months (in 2017 inflation-adjusted dollars) -- - Total:,Margin of Error, Median earnings in the past 12 months (in 2017 inflation-adjusted dollars) -- - Total:,Estimate, Median earnings in the past 12 months (in 2017 inflation-adjusted dollars) -- - Male -- - Total,Margin of Error, Median earnings in the past 12 months (in 2017 inflation-adjusted dollars) -- - Male -- - Total,"Estimate; Median earnings in the past 12 months (in 2017 inflation-adjusted dollars) -- - Male -- - Worked full-time, year-round in the past 12 months","Margin of Error; Median earnings in the past 12 months (in 2017 inflation-adjusted dollars) -- - Male -- - Worked full-time, year-round in the past 12 months",Estimate, Median earnings in the past 12 months (in 2017 inflation-adjusted dollars) -- - Male -- - Other,Margin of Error, Median earnings in the past 12 months (in 2017 inflation-adjusted dollars) -- - Male -- - Other,Estimate, Median earnings in the past 12 months (in 2017 inflation-adjusted dollars) -- - Female -- - Total,Margin of Error, Median earnings in the past 12 months (in 2017 inflation-adjusted dollars) -- - Female -- - Total,"Estimate; Median earnings in the past 12 months (in 2017 inflation-adjusted dollars) -- - Female -- - Worked full-time, year-round in the past 12 months","Margin of Error; Median earnings in the past 12 months (in 2017 inflation-adjusted dollars) -- - Female -- - Worked full-time, year-round in the past 12 months",Estimate, Median earnings in the past 12 months (in 2017 inflation-adjusted dollars) -- - Female -- - Other,Margin of Error, Median earnings in the past 12 months (in 2017 inflation-adjusted dollars) -- - Female -- - Other
5001500US0101,101,"Congressional District 1 (115th Congress), Alabama",22089,672,25770,1143,34773,2091,9494,857,20381,701,26841,742,9494,523,,,,,,,,,,
5001500US0102,102,"Congressional District 2 (115th Congress), Alabama",22255,453,25263,811,34325,2119,7539,691,20531,447,28431,845,8470,616,,,,,,,,,,
5001500US0103,103,"Congressional District 3 (115th Congress), Alabama",23132,794,25363,692,34124,1906,7770,910,21444,877,30783,822,8334,726,,,,,,,,,,
5001500US0104,104,"Congressional District 4 (115th Congress), Alabama",21773,822,25507,1084,31139,819,11183,982,19383,1374,26806,2687,8173,1445,,,,,,,,,,
5001500US0105,105,"Congressional District 5 (115th Congress), Alabama",23864,1454,26996,1054,39068,2809,8041,1561,21459,742,31948,1065,9513,992,,,,,,,,,,
5001500US0106,106,"Congressional District 6 (115th Congress), Alabama",30889,776,35000,3086,46832,2358,9723,1340,28898,1318,37754,2407,10075,1001,,,,,,,,,,
5001500US0107,107,"Congressional District 7 (115th Congress), Alabama",21898,418,24600,650,33296,1055,8248,510,20447,436,28753,717,8945,425,,,,,,,,,,
5001500US0200,200,"Congressional District (at Large) (115th Congress), Alaska",31053,1466,32285,5283,39602,3848,9667,3230,28837,2534,41470,2366,15531,3377,,,,,,,,,,
5001500US0401,401,"Congressional District 1 (115th Congress), Arizona",23185,2507,30170,6004,45481,8118,8328,4390,19028,4769,32182,4697,5203,3574,,,,,,,,,,
5001500US0402,402,"Congressional District 2 (115th Congress), Arizona",21810,1003,22115,3003,34467,4130,8925,1820,21549,1198,35008,3442,11995,1472,,,,,,,,,,
5001500US0403,403,"Congressional District 3 (115th Congress), Arizona",26886,1576,28944,3221,39161,3893,9695,1654,24331,2964,36537,2042,9988,1340,,,,,,,,,,
5001500US0404,404,"Congressional District 4 (115th Congress), Arizona",25590,2833,27546,3575,38832,4603,9538,3718,22582,4670,35313,8343,14115,4125,,,,,,,,,,
5001500US0405,405,"Congressional District 5 (115th Congress), Arizona",35744,2215,41029,2518,53164,6058,10120,2971,31084,2615,41877,1830,10433,2059,,,,,,,,,,
5001500US0406,406,"Congressional District 6 (115th Congress), Arizona",30114,3024,34954,3962,40584,2039,12214,2545,26033,4127,36644,2207,11210,2550,,,,,,,,,,
5001500US0407,407,"Congressional District 7 (115th Congress), Arizona",24781,1074,25543,1280,33437,2044,10892,1321,23838,1729,33923,2067,9804,1251,,,,,,,,,,
5001500US0408,408,"Congressional District 8 (115th Congress), Arizona",31138,1664,32377,3619,41005,2635,9600,1977,29464,2904,42026,3517,10085,1402,,,,,,,,,,
5001500US0409,409,"Congressional District 9 (115th Congress), Arizona",27422,2157,28444,3437,37265,2202,10608,1027,26907,1697,38455,3082,9933,1860,,,,,,,,,,
5001500US0501,501,"Congressional District 1 (115th Congress), Arkansas",20251,594,21874,746,30911,798,8532,1505,18495,795,26110,1002,8254,650,,,,,,,,,,
5001500US0502,502,"Congressional District 2 (115th Congress), Arkansas",25306,834,25906,976,33702,1987,9893,1122,24776,941,31794,788,9440,841,,,,,,,,,,
5001500US0503,503,"Congressional District 3 (115th Congress), Arkansas",23804,2178,26319,2385,38147,4794,10645,1661,21829,2438,30440,2000,9517,2428,,,,,,,,,,
5001500US0504,504,"Congressional District 4 (115th Congress), Arkansas",20729,631,24410,1371,33138,1363,6718,791,18637,894,26244,727,8260,509,,,,,,,,,,
5001500US0601,601,"Congressional District 1 (115th Congress), California",20722,4421,23676,10193,37538,7582,8994,2356,20034,3909,41071,11215,5593,1968,,,,,,,,,,
5001500US0602,602,"Congressional District 2 (115th Congress), California",28247,8294,35320,10718,47548,2586,7685,3910,13939,11356,51289,8305,4603,2343,,,,,,,,,,
5001500US0603,603,"Congressional District 3 (115th Congress), California",33256,2972,35350,3326,52576,3052,9882,2553,31703,2211,47065,5747,11296,2032,,,,,,,,,,
5001500US0604,604,"Congressional District 4 (115th Congress), California",40493,6772,42089,7338,72672,13139,-,**,36658,14514,66159,9919,9100,2080,,,,,,,,,,
5001500US0605,605,"Congressional District 5 (115th Congress), California",32004,1839,36076,2159,53875,3722,9430,1721,30470,2479,51566,3124,9756,1238,,,,,,,,,,
5001500US0606,606,"Congressional District 6 (115th Congress), California",26905,1436,25404,2339,37308,2982,10772,968,27877,2066,39723,2087,11150,925,,,,,,,,,,
5001500US0607,607,"Congressional District 7 (115th Congress), California",31085,1446,34224,3354,52708,3896,12329,1293,27582,2853,47609,3413,10568,1716,,,,,,,,,,
5001500US0608,608,"Congressional District 8 (115th Congress), California",28767,2040,31000,2017,40918,2698,12164,1505,25698,2594,36632,1386,10317,1528,,,,,,,,,,
5001500US0609,609,"Congressional District 9 (115th Congress), California",31693,1236,37137,3977,51118,2953,11433,1605,27045,2429,43543,4560,10148,1181,,,,,,,,,,
5001500US0610,610,"Congressional District 10 (115th Congress), California",31238,2290,36158,6338,47454,5192,11208,3767,26414,4346,42710,3316,9699,1722,,,,,,,,,,
5001500US0611,611,"Congressional District 11 (115th Congress), California",31720,1025,31594,1650,51326,3511,12624,1927,31851,1664,49950,3378,11306,1909,,,,,,,,,,
5001500US0612,612,"Congressional District 12 (115th Congress), California",31446,1831,33894,5490,51279,2823,10303,1974,30141,4493,46795,5104,10117,1545,,,,,,,,,,
5001500US0613,613,"Congressional District 13 (115th Congress), California",31221,722,31234,903,48168,1975,12713,1249,31209,1029,47336,1658,11380,898,,,,,,,,,,
5001500US0614,614,"Congressional District 14 (115th Congress), California",29055,2905,29544,3292,50604,3057,11978,2226,28266,4475,45377,5662,10135,1714,,,,,,,,,,
5001500US0615,615,"Congressional District 15 (115th Congress), California",39423,2876,42269,4738,55621,3154,12353,3146,36272,1965,51738,2974,14255,1931,,,,,,,,,,
5001500US0616,616,"Congressional District 16 (115th Congress), California",20046,2313,21368,2618,37989,6518,7468,1956,18277,2621,39792,3698,10435,1071,,,,,,,,,,
5001500US0617,617,"Congressional District 17 (115th Congress), California",41354,3220,45787,7238,60227,5094,13854,3880,36774,4644,51841,12322,12897,3728,,,,,,,,,,
5001500US0618,618,"Congressional District 18 (115th Congress), California",37925,4221,40041,4263,57540,9220,11447,1765,36673,3961,60091,8424,11483,1958,,,,,,,,,,
5001500US0619,619,"Congressional District 19 (115th Congress), California",38774,3784,43486,4874,69958,7550,12008,2103,34254,5885,50876,6437,10518,2060,,,,,,,,,,
5001500US0620,620,"Congressional District 20 (115th Congress), California",27255,6224,27254,7241,40938,4938,10426,1576,27266,10172,51177,3957,10117,2024,,,,,,,,,,
5001500US0621,621,"Congressional District 21 (115th Congress), California",25713,1478,26111,2880,42031,6981,9651,2037,25349,1953,31443,2525,12278,3427,,,,,,,,,,
5001500US0622,622,"Congressional District 22 (115th Congress), California",28856,4297,35162,7851,48304,7807,10591,2646,22849,4190,41351,4610,8293,2074,,,,,,,,,,
5001500US0623,623,"Congressional District 23 (115th Congress), California",30753,2106,36360,2074,48267,3846,6646,1677,24323,2830,36850,2885,7919,3042,,,,,,,,,,
5001500US0624,624,"Congressional District 24 (115th Congress), California",21925,3277,25513,5444,50129,5284,11147,2462,18609,4879,37101,9773,7012,2702,,,,,,,,,,
5001500US0625,625,"Congressional District 25 (115th Congress), California",35501,1756,39684,3550,57293,4830,8937,1952,33371,1924,43892,1888,11681,1757,,,,,,,,,,
5001500US0626,626,"Congressional District 26 (115th Congress), California",41651,4726,46855,3269,54692,15748,12198,8028,35527,3994,47670,5130,8739,2479,,,,,,,,,,
5001500US0627,627,"Congressional District 27 (115th Congress), California",36234,2740,37262,3488,60153,8538,10529,1258,34818,5137,49452,5151,11878,2635,,,,,,,,,,
5001500US0628,628,"Congressional District 28 (115th Congress), California",36454,2390,35963,3097,46703,8501,18152,3470,37295,4243,54567,8355,15823,3359,,,,,,,,,,
5001500US0629,629,"Congressional District 29 (115th Congress), California",29541,2499,31399,1731,42788,3662,13372,2002,26636,1859,44423,4358,12544,1712,,,,,,,,,,
5001500US0630,630,"Congressional District 30 (115th Congress), California",37172,2821,37052,3378,50925,3296,17338,3879,37320,3833,52442,3948,11512,2111,,,,,,,,,,
5001500US0631,631,"Congressional District 31 (115th Congress), California",29157,2060,31954,1778,50414,4298,8514,1969,26771,1611,38157,2092,10000,1556,,,,,,,,,,
5001500US0632,632,"Congressional District 32 (115th Congress), California",33300,3162,34560,4665,51382,2613,10235,2591,32579,3218,47014,9039,8671,2385,,,,,,,,,,
5001500US0633,633,"Congressional District 33 (115th Congress), California",42175,6851,52061,8377,78103,5837,12372,6241,30888,3887,55613,7861,11735,2552,,,,,,,,,,
5001500US0634,634,"Congressional District 34 (115th Congress), California",26774,1920,27194,3200,40864,2277,11626,1377,26359,2541,40359,3783,11216,1354,,,,,,,,,,
5001500US0635,635,"Congressional District 35 (115th Congress), California",29144,2391,31338,2099,45673,2727,10419,1798,26659,2120,44823,5094,10803,1191,,,,,,,,,,
5001500US0636,636,"Congressional District 36 (115th Congress), California",25113,2548,25520,2230,40725,5176,8610,2784,23716,4752,41734,5977,11525,990,,,,,,,,,,
5001500US0637,637,"Congressional District 37 (115th Congress), California",31217,630,31807,914,46883,1672,11765,962,30650,977,46268,1819,11569,620,,,,,,,,,,
5001500US0638,638,"Congressional District 38 (115th Congress), California",35626,2739,35559,4244,47023,5405,13257,2491,35695,2943,46467,4976,12041,1728,,,,,,,,,,
5001500US0639,639,"Congressional District 39 (115th Congress), California",36745,3029,40462,6997,66932,7643,10066,2679,33140,5503,65470,16502,10633,2956,,,,,,,,,,
5001500US0640,640,"Congressional District 40 (115th Congress), California",27605,2788,28249,3580,37093,3117,9222,1889,27232,3329,40745,2203,10945,1586,,,,,,,,,,
5001500US0641,641,"Congressional District 41 (115th Congress), California",28774,1653,31221,1353,46717,3717,9890,1775,26340,1645,42442,2646,10229,1484,,,,,,,,,,
5001500US0642,642,"Congressional District 42 (115th Congress), California",40623,2388,45910,4600,57827,5507,11189,3116,35337,4956,51099,4152,11677,1408,,,,,,,,,,
5001500US0643,643,"Congressional District 43 (115th Congress), California",31930,633,32586,1957,44682,3280,13721,1455,31515,790,43897,1699,11520,553,,,,,,,,,,
5001500US0644,644,"Congressional District 44 (115th Congress), California",30629,842,30803,1292,44896,2889,10306,1444,30498,1094,43927,1639,11111,915,,,,,,,,,,
5001500US0645,645,"Congressional District 45 (115th Congress), California",46543,8904,50166,9495,64722,6651,15374,3935,42127,8165,65764,12566,9239,3178,,,,,,,,,,
5001500US0646,646,"Congressional District 46 (115th Congress), California",32880,6605,36839,5188,49561,4244,11940,2840,28234,6929,42477,11291,13321,2776,,,,,,,,,,
5001500US0647,647,"Congressional District 47 (115th Congress), California",32897,3205,35971,3774,52500,3036,11158,1069,31418,1843,48503,3917,11908,1246,,,,,,,,,,
5001500US0648,648,"Congressional District 48 (115th Congress), California",41641,3010,49435,9206,60260,9406,14537,7810,35414,9548,50491,8497,11467,2529,,,,,,,,,,
5001500US0649,649,"Congressional District 49 (115th Congress), California",31913,3288,31074,4572,37653,3335,10134,4570,33062,4558,41058,5834,10045,5198,,,,,,,,,,
5001500US0650,650,"Congressional District 50 (115th Congress), California",31526,2785,36470,2531,46806,5589,11218,4674,24740,2667,37008,5006,8477,2804,,,,,,,,,,
5001500US0651,651,"Congressional District 51 (115th Congress), California",27397,1473,30288,2838,38420,2482,12139,2102,25349,1929,35501,1724,10361,1661,,,,,,,,,,
5001500US0652,652,"Congressional District 52 (115th Congress), California",32346,3060,33153,3490,43027,5721,13275,2501,30729,6949,46048,4812,11261,1862,,,,,,,,,,
5001500US0653,653,"Congressional District 53 (115th Congress), California",33218,3263,37022,2715,50360,1791,13768,1257,30121,2200,44653,3415,13811,1199,,,,,,,,,,
5001500US0801,801,"Congressional District 1 (115th Congress), Colorado",28459,2114,30637,1230,39521,2496,10561,1425,26080,1794,37696,2630,9973,2300,,,,,,,,,,
5001500US0802,802,"Congressional District 2 (115th Congress), Colorado",25387,3575,27074,4134,43459,5435,8445,4693,18784,3933,36429,14463,8370,3707,,,,,,,,,,
5001500US0803,803,"Congressional District 3 (115th Congress), Colorado",23571,3319,24033,3941,36568,3577,6192,1802,19028,11570,38429,2064,8213,2811,,,,,,,,,,
5001500US0804,804,"Congressional District 4 (115th Congress), Colorado",28373,5015,31406,7520,51127,5814,7513,2842,24341,4562,41681,11935,7091,3873,,,,,,,,,,
5001500US0805,805,"Congressional District 5 (115th Congress), Colorado",27018,1305,30623,2161,41811,1916,8779,1107,24496,1737,35604,1835,11507,2052,,,,,,,,,,
5001500US0806,806,"Congressional District 6 (115th Congress), Colorado",30100,1156,31159,1275,41941,1805,12256,1347,27511,2032,39860,2313,10122,1445,,,,,,,,,,
5001500US0807,807,"Congressional District 7 (115th Congress), Colorado",34483,3433,38947,4030,46061,3072,10850,4959,29018,5239,39583,4215,11888,3698,,,,,,,,,,
5001500US0901,901,"Congressional District 1 (115th Congress), Connecticut",31503,686,32306,1576,45654,1407,11496,939,30955,827,40238,1492,12628,1068,,,,,,,,,,
5001500US0902,902,"Congressional District 2 (115th Congress), Connecticut",20529,1894,21020,2244,42074,8848,6663,1030,19712,2340,37655,2789,7293,1694,,,,,,,,,,
5001500US0903,903,"Congressional District 3 (115th Congress), Connecticut",30939,928,31853,1181,47274,2541,10412,931,29919,1659,42967,2429,11525,985,,,,,,,,,,
5001500US0904,904,"Congressional District 4 (115th Congress), Connecticut",27918,1287,30832,1170,44625,1722,11944,1102,26378,966,40695,1284,13045,1041,,,,,,,,,,
5001500US0905,905,"Congressional District 5 (115th Congress), Connecticut",31604,1074,32169,2271,43217,2888,9940,1560,31196,1381,40977,2714,13673,1870,,,,,,,,,,
5001500US1000,1000,"Congressional District (at Large) (115th Congress), Delaware",30009,710,31192,683,43219,2122,10244,824,28292,1151,39086,1255,9390,710,,,,,,,,,,
5001500US1198,1198,"Delegate District (at Large) (115th Congress), District of Columbia",32371,882,32343,1613,47023,2315,10304,727,32397,1076,50206,1159,11258,591,,,,,,,,,,
5001500US1201,1201,"Congressional District 1 (115th Congress), Florida",22707,892,24943,1513,35820,1514,8331,1059,21539,1032,27957,1265,9538,1009,,,,,,,,,,
5001500US1202,1202,"Congressional District 2 (115th Congress), Florida",22574,966,23240,1666,32451,2314,9462,1367,22057,1405,28502,1395,9543,1586,,,,,,,,,,
5001500US1203,1203,"Congressional District 3 (115th Congress), Florida",21743,845,22511,1639,33266,2141,7598,966,21211,1024,30375,1185,9550,1039,,,,,,,,,,
5001500US1204,1204,"Congressional District 4 (115th Congress), Florida",29769,1293,29350,2310,37027,2803,11853,1695,30035,1645,36136,1649,10791,1096,,,,,,,,,,
5001500US1205,1205,"Congressional District 5 (115th Congress), Florida",23411,586,24064,1052,32364,1001,9679,728,23026,630,31301,574,9776,619,,,,,,,,,,
5001500US1206,1206,"Congressional District 6 (115th Congress), Florida",22006,1013,24096,1382,31103,1197,10521,1583,19964,1070,26565,1370,10381,846,,,,,,,,,,
5001500US1207,1207,"Congressional District 7 (115th Congress), Florida",26872,997,28034,1940,36955,2131,10792,918,26005,1292,32226,1338,11374,1277,,,,,,,,,,
5001500US1208,1208,"Congressional District 8 (115th Congress), Florida",24292,1507,24619,1906,31479,1826,9846,1652,23910,2096,29342,1490,12546,1660,,,,,,,,,,
5001500US1209,1209,"Congressional District 9 (115th Congress), Florida",24910,1381,27404,1492,33826,2170,11805,1595,22061,1054,29799,1340,11428,942,,,,,,,,,,
5001500US1210,1210,"Congressional District 10 (115th Congress), Florida",23172,721,23871,1207,31477,889,11147,993,22766,870,28971,1016,11071,843,,,,,,,,,,
5001500US1211,1211,"Congressional District 11 (115th Congress), Florida",22975,1372,23955,2940,33510,4372,10524,1667,22423,1898,30962,1288,10486,1064,,,,,,,,,,
5001500US1212,1212,"Congressional District 12 (115th Congress), Florida",29364,1896,30235,2172,40548,4835,11592,3379,28704,1871,38146,2985,12191,3162,,,,,,,,,,
5001500US1213,1213,"Congressional District 13 (115th Congress), Florida",24956,1193,24905,1964,33249,2048,9143,1327,24984,1296,30963,1073,9722,1121,,,,,,,,,,
5001500US1214,1214,"Congressional District 14 (115th Congress), Florida",24812,738,25664,930,33302,2136,11579,685,23912,980,30756,783,10572,664,,,,,,,,,,
5001500US1215,1215,"Congressional District 15 (115th Congress), Florida",27441,898,27457,1836,36400,1046,9643,1397,27425,1188,33343,2409,11384,1303,,,,,,,,,,
5001500US1216,1216,"Congressional District 16 (115th Congress), Florida",25796,1127,26308,1691,35535,2782,10209,1032,25376,1406,33128,1936,9844,1281,,,,,,,,,,
5001500US1217,1217,"Congressional District 17 (115th Congress), Florida",21963,1172,22549,1840,32368,2633,8883,2465,21522,1670,28734,2762,9397,2810,,,,,,,,,,
5001500US1218,1218,"Congressional District 18 (115th Congress), Florida",25669,1054,28358,1842,35288,1692,10317,1663,23492,1389,32773,1462,10820,1233,,,,,,,,,,
5001500US1219,1219,"Congressional District 19 (115th Congress), Florida",24669,1418,26645,1026,31784,1336,9398,1428,21802,1342,26949,1098,11429,1127,,,,,,,,,,
5001500US1220,1220,"Congressional District 20 (115th Congress), Florida",23759,526,25331,544,32163,636,11358,525,22580,582,30599,678,11337,396,,,,,,,,,,
5001500US1221,1221,"Congressional District 21 (115th Congress), Florida",22952,924,25378,1234,33062,1934,11359,853,21240,818,30817,1054,11487,676,,,,,,,,,,
5001500US1222,1222,"Congressional District 22 (115th Congress), Florida",25460,789,26846,1008,35419,1698,12097,1015,23413,1637,32149,1116,10407,779,,,,,,,,,,
5001500US1223,1223,"Congressional District 23 (115th Congress), Florida",31391,679,32266,1743,41121,1243,12715,2029,30668,841,39933,1745,11268,921,,,,,,,,,,
5001500US1224,1224,"Congressional District 24 (115th Congress), Florida",23414,496,24300,628,30256,536,11398,505,22540,589,29516,859,11226,421,,,,,,,,,,
5001500US1225,1225,"Congressional District 25 (115th Congress), Florida",21922,1320,23661,2446,31835,2515,11245,1554,20775,1249,27944,2628,12289,1686,,,,,,,,,,
5001500US1226,1226,"Congressional District 26 (115th Congress), Florida",25167,1191,27071,1613,35713,1853,10511,1087,22656,1525,31416,1705,10885,1306,,,,,,,,,,
5001500US1227,1227,"Congressional District 27 (115th Congress), Florida",26018,1473,25927,2265,35676,3545,10734,807,26096,1725,34726,2903,10936,1865,,,,,,,,,,
5001500US1301,1301,"Congressional District 1 (115th Congress), Georgia",23050,918,26351,844,35443,883,7770,932,20704,701,29870,913,8351,667,,,,,,,,,,
5001500US1302,1302,"Congressional District 2 (115th Congress), Georgia",20860,408,23359,1130,32332,918,7675,622,19436,582,27102,659,8353,449,,,,,,,,,,
5001500US1303,1303,"Congressional District 3 (115th Congress), Georgia",25703,725,30278,926,37399,1537,9603,1388,22230,902,31958,1083,8778,881,,,,,,,,,,
5001500US1304,1304,"Congressional District 4 (115th Congress), Georgia",30182,417,31367,567,40753,682,10294,755,28657,881,37547,1224,10850,419,,,,,,,,,,
5001500US1305,1305,"Congressional District 5 (115th Congress), Georgia",25832,495,28048,1056,38593,1317,9919,729,24048,918,34879,883,8642,558,,,,,,,,,,
5001500US1306,1306,"Congressional District 6 (115th Congress), Georgia",33731,1532,35204,1538,43653,3142,10957,1374,32330,1904,41480,1370,10406,1797,,,,,,,,,,
5001500US1307,1307,"Congressional District 7 (115th Congress), Georgia",32347,942,35471,1193,43456,3635,12325,1551,30732,992,39454,1939,11826,753,,,,,,,,,,
5001500US1308,1308,"Congressional District 8 (115th Congress), Georgia",22433,726,25574,857,34320,2130,7191,864,20937,795,27660,1006,9635,787,,,,,,,,,,
5001500US1309,1309,"Congressional District 9 (115th Congress), Georgia",21942,1445,23961,2408,35695,2070,8862,1560,20314,1753,27299,1334,9201,1342,,,,,,,,,,
5001500US1310,1310,"Congressional District 10 (115th Congress), Georgia",22202,607,26121,853,36633,1163,8228,955,20034,780,27948,1133,8503,929,,,,,,,,,,
5001500US1311,1311,"Congressional District 11 (115th Congress), Georgia",32049,816,35246,2296,47283,2415,11531,1253,30788,1029,40920,1322,11186,1012,,,,,,,,,,
5001500US1312,1312,"Congressional District 12 (115th Congress), Georgia",21335,596,23869,1339,35663,928,8032,798,19798,857,28976,1538,8447,723,,,,,,,,,,
5001500US1313,1313,"Congressional District 13 (115th Congress), Georgia",31363,447,32440,1314,42875,1293,11608,673,30501,544,40297,662,11079,681,,,,,,,,,,
5001500US1314,1314,"Congressional District 14 (115th Congress), Georgia",25948,1286,27086,2117,37270,3092,10130,1727,24809,1477,34713,2035,9439,1452,,,,,,,,,,
5001500US1501,1501,"Congressional District 1 (115th Congress), Hawaii",40026,2484,42367,5671,51561,3207,13857,4341,31902,10063,47888,7053,12091,2416,,,,,,,,,,
5001500US1502,1502,"Congressional District 2 (115th Congress), Hawaii",30662,1506,30779,1804,33586,5843,15682,4649,30224,4916,38125,3042,10125,7454,,,,,,,,,,
5001500US1601,1601,"Congressional District 1 (115th Congress), Idaho",19080,6009,20705,6006,24663,12373,6201,1663,17222,8730,-,**,4638,2174,,,,,,,,,,
5001500US1602,1602,"Congressional District 2 (115th Congress), Idaho",20367,3345,24104,3701,29194,6586,9391,4292,11462,2064,40402,9772,7735,2230,,,,,,,,,,
5001500US1701,1701,"Congressional District 1 (115th Congress), Illinois",28522,1099,30031,1212,42114,1001,10886,556,27444,1014,41404,775,10742,471,,,,,,,,,,
5001500US1702,1702,"Congressional District 2 (115th Congress), Illinois",29769,869,31733,988,45787,1180,9229,746,27647,1076,41524,736,10612,449,,,,,,,,,,
5001500US1703,1703,"Congressional District 3 (115th Congress), Illinois",31810,1826,31863,2991,42702,4881,11322,1962,31768,1910,42966,2857,11582,2153,,,,,,,,,,
5001500US1704,1704,"Congressional District 4 (115th Congress), Illinois",28585,2260,32407,2402,40981,1610,10615,2775,25646,1903,35875,2318,10623,1351,,,,,,,,,,
5001500US1705,1705,"Congressional District 5 (115th Congress), Illinois",37863,6142,43328,6206,51864,5213,10860,2223,31938,3687,47331,4607,10559,2073,,,,,,,,,,
5001500US1706,1706,"Congressional District 6 (115th Congress), Illinois",37886,2821,40827,2753,50971,3117,6823,1002,32252,5090,45845,3964,11770,1800,,,,,,,,,,
5001500US1707,1707,"Congressional District 7 (115th Congress), Illinois",25182,539,26009,799,41182,959,10103,587,24387,1061,37019,836,10641,449,,,,,,,,,,
5001500US1708,1708,"Congressional District 8 (115th Congress), Illinois",31246,1390,32524,2964,45268,4275,15558,2585,29722,3319,43374,3881,11989,1736,,,,,,,,,,
5001500US1709,1709,"Congressional District 9 (115th Congress), Illinois",28495,1820,30370,1945,40820,1501,13767,1859,26894,2036,38870,2277,10590,1193,,,,,,,,,,
5001500US1710,1710,"Congressional District 10 (115th Congress), Illinois",27102,1611,27788,3214,41869,2086,10972,1670,26467,2168,38441,1892,8834,1422,,,,,,,,,,
5001500US1711,1711,"Congressional District 11 (115th Congress), Illinois",30867,1268,35571,2465,50361,2003,9472,1134,27652,1830,40677,2098,11221,973,,,,,,,,,,
5001500US1712,1712,"Congressional District 12 (115th Congress), Illinois",21361,696,22194,1215,34705,1891,9273,1015,20716,836,31285,1359,9807,974,,,,,,,,,,
5001500US1713,1713,"Congressional District 13 (115th Congress), Illinois",19040,1037,20807,1287,35553,2793,7041,738,17680,1258,30924,1175,7745,859,,,,,,,,,,
5001500US1714,1714,"Congressional District 14 (115th Congress), Illinois",39765,4426,42595,3592,53732,3875,10491,1884,32576,7265,67635,8212,11873,1673,,,,,,,,,,
5001500US1715,1715,"Congressional District 15 (115th Congress), Illinois",18049,2207,19565,4343,38382,5977,8201,2214,17426,1920,32039,3229,8498,1345,,,,,,,,,,
5001500US1716,1716,"Congressional District 16 (115th Congress), Illinois",20202,1801,22043,3156,40169,6434,9402,1178,16829,1984,33741,3652,7180,1433,,,,,,,,,,
5001500US1717,1717,"Congressional District 17 (115th Congress), Illinois",19052,1084,21876,1371,34183,1771,8163,769,17070,761,27031,1117,8443,1141,,,,,,,,,,
5001500US1718,1718,"Congressional District 18 (115th Congress), Illinois",21183,1811,21452,2141,35833,4992,4901,1638,20817,3021,35457,5394,6609,1189,,,,,,,,,,
5001500US1801,1801,"Congressional District 1 (115th Congress), Indiana",25397,734,28739,1963,41577,1602,9965,1076,22616,1068,33870,962,9097,680,,,,,,,,,,
5001500US1802,1802,"Congressional District 2 (115th Congress), Indiana",19751,930,21774,1668,33685,3840,8197,1973,17441,1509,28894,1616,9018,867,,,,,,,,,,
5001500US1803,1803,"Congressional District 3 (115th Congress), Indiana",22091,1222,26427,1295,35580,1517,8819,1491,19171,1864,28956,2436,8709,991,,,,,,,,,,
5001500US1804,1804,"Congressional District 4 (115th Congress), Indiana",22756,2349,24483,4560,37089,4860,7431,3429,21874,1755,37828,3714,6961,1650,,,,,,,,,,
5001500US1805,1805,"Congressional District 5 (115th Congress), Indiana",30001,1469,33203,3073,45969,2539,10674,1707,26526,2239,37679,1741,9342,1179,,,,,,,,,,
5001500US1806,1806,"Congressional District 6 (115th Congress), Indiana",22463,2756,26656,2211,37530,3525,8740,2156,20646,2379,36242,5867,6637,3922,,,,,,,,,,
5001500US1807,1807,"Congressional District 7 (115th Congress), Indiana",23718,769,25034,1047,35069,1217,10199,879,22828,928,31256,561,9842,648,,,,,,,,,,
5001500US1808,1808,"Congressional District 8 (115th Congress), Indiana",19900,1500,22161,1474,37217,4363,7861,1838,15825,2234,25839,1597,7206,1461,,,,,,,,,,
5001500US1809,1809,"Congressional District 9 (115th Congress), Indiana",24019,2444,29862,3817,40637,8307,7401,1288,20537,2063,37523,5151,7262,1359,,,,,,,,,,
5001500US1901,1901,"Congressional District 1 (115th Congress), Iowa",19433,1814,21900,3314,31712,2997,6698,1519,16100,1709,28863,2232,6805,936,,,,,,,,,,
5001500US1902,1902,"Congressional District 2 (115th Congress), Iowa",20751,1357,21724,1226,27374,1897,8685,1249,17446,2365,28778,2614,10283,1261,,,,,,,,,,
5001500US1903,1903,"Congressional District 3 (115th Congress), Iowa",22866,1698,24936,2005,36807,3124,8567,3451,19816,2706,32990,2907,8570,1734,,,,,,,,,,
5001500US1904,1904,"Congressional District 4 (115th Congress), Iowa",16185,4214,20068,6670,36218,7866,5940,1687,13733,2508,28365,4266,6058,1138,,,,,,,,,,
5001500US2001,2001,"Congressional District 1 (115th Congress), Kansas",23602,1140,25464,1328,31308,2593,7732,2062,19231,2302,29405,2897,8448,2078,,,,,,,,,,
5001500US2002,2002,"Congressional District 2 (115th Congress), Kansas",22481,1804,23207,2590,35948,3735,6401,905,21852,1905,33487,2593,10215,1705,,,,,,,,,,
5001500US2003,2003,"Congressional District 3 (115th Congress), Kansas",26769,939,29663,1898,40306,1331,11490,1182,24959,1031,36284,1507,10398,1296,,,,,,,,,,
5001500US2004,2004,"Congressional District 4 (115th Congress), Kansas",23939,1132,26037,1742,36487,2666,10509,1251,22505,1355,31179,1810,9410,2465,,,,,,,,,,
5001500US2101,2101,"Congressional District 1 (115th Congress), Kentucky",20602,678,21160,1094,29590,1625,7314,1025,20087,1286,27107,1834,8766,733,,,,,,,,,,
5001500US2102,2102,"Congressional District 2 (115th Congress), Kentucky",23396,1566,24955,2406,36404,2349,7426,1545,22309,1525,31744,1486,6878,1430,,,,,,,,,,
5001500US2103,2103,"Congressional District 3 (115th Congress), Kentucky",23905,802,24920,1424,36084,844,9253,614,23346,956,33403,1301,10150,676,,,,,,,,,,
5001500US2104,2104,"Congressional District 4 (115th Congress), Kentucky",24089,1896,23711,2246,37956,5192,8839,1716,24574,2773,31112,2151,10498,1531,,,,,,,,,,
5001500US2105,2105,"Congressional District 5 (115th Congress), Kentucky",12589,3107,12919,3136,28538,7634,5032,1132,11944,7493,27371,6144,4075,1085,,,,,,,,,,
5001500US2106,2106,"Congressional District 6 (115th Congress), Kentucky",20807,707,22173,1146,33224,3045,9075,954,18717,1374,30912,1339,7122,837,,,,,,,,,,
5001500US2201,2201,"Congressional District 1 (115th Congress), Louisiana",24542,1024,30799,1184,40971,984,9582,1232,21430,813,27000,851,9797,1098,,,,,,,,,,
5001500US2202,2202,"Congressional District 2 (115th Congress), Louisiana",23150,581,26663,533,36477,796,9387,559,21209,448,29078,832,9232,361,,,,,,,,,,
5001500US2203,2203,"Congressional District 3 (115th Congress), Louisiana",20940,674,26099,848,36178,1043,9599,1195,18176,605,24811,861,9162,433,,,,,,,,,,
5001500US2204,2204,"Congressional District 4 (115th Congress), Louisiana",20589,392,22878,990,31793,797,8869,795,18684,662,25475,762,9023,378,,,,,,,,,,
5001500US2205,2205,"Congressional District 5 (115th Congress), Louisiana",17831,501,20646,652,28781,1604,7312,533,16578,343,22229,614,8495,611,,,,,,,,,,
5001500US2206,2206,"Congressional District 6 (115th Congress), Louisiana",27835,1036,33066,2048,43970,2063,10002,745,24505,1424,34297,1447,9090,1315,,,,,,,,,,
5001500US2301,2301,"Congressional District 1 (115th Congress), Maine",17181,1801,20545,3046,33276,6944,9361,2693,12637,3071,33413,9086,7869,2017,,,,,,,,,,
5001500US2302,2302,"Congressional District 2 (115th Congress), Maine",17312,3810,17803,4692,39292,7596,6260,2595,16250,7781,35391,9273,2917,2280,,,,,,,,,,
5001500US2401,2401,"Congressional District 1 (115th Congress), Maryland",25375,936,26652,1654,40843,1779,9338,1643,24137,1364,36531,1843,9903,1212,,,,,,,,,,
5001500US2402,2402,"Congressional District 2 (115th Congress), Maryland",36513,967,37065,1409,49639,1498,11173,766,36188,1056,46845,1528,10974,800,,,,,,,,,,
5001500US2403,2403,"Congressional District 3 (115th Congress), Maryland",36710,746,40433,1927,53684,1822,12272,977,35267,1187,45123,1452,12464,1138,,,,,,,,,,
5001500US2404,2404,"Congressional District 4 (115th Congress), Maryland",41733,459,41172,694,52596,984,11673,757,42151,568,55010,922,12175,602,,,,,,,,,,
5001500US2405,2405,"Congressional District 5 (115th Congress), Maryland",47365,1041,48313,1990,61288,714,10083,791,46708,1368,61219,952,11492,519,,,,,,,,,,
5001500US2406,2406,"Congressional District 6 (115th Congress), Maryland",35557,1169,36453,1654,50984,1910,8648,1022,34350,2413,50135,2130,10740,1106,,,,,,,,,,
5001500US2407,2407,"Congressional District 7 (115th Congress), Maryland",30850,406,31650,617,45144,1279,9788,655,30279,510,40204,691,10932,583,,,,,,,,,,
5001500US2408,2408,"Congressional District 8 (115th Congress), Maryland",37345,2103,39583,2886,53528,2700,14262,1983,35828,2458,52222,1475,12065,1208,,,,,,,,,,
5001500US2501,2501,"Congressional District 1 (115th Congress), Massachusetts",25670,1103,26736,1419,42149,2422,10603,1392,24190,2136,40097,2031,7477,2111,,,,,,,,,,
5001500US2502,2502,"Congressional District 2 (115th Congress), Massachusetts",29717,1398,32086,1548,41541,1484,10125,1450,26201,2084,36215,2609,10931,991,,,,,,,,,,
5001500US2503,2503,"Congressional District 3 (115th Congress), Massachusetts",31134,1737,33859,4080,47540,3530,13869,2307,28484,3557,42018,5572,12659,1490,,,,,,,,,,
5001500US2504,2504,"Congressional District 4 (115th Congress), Massachusetts",31435,1797,34372,3798,49503,5485,10092,2405,27938,5177,51175,5960,7574,4466,,,,,,,,,,
5001500US2505,2505,"Congressional District 5 (115th Congress), Massachusetts",31837,1251,36426,3263,48273,3305,11502,1276,29550,4121,40399,2895,12049,1935,,,,,,,,,,
5001500US2506,2506,"Congressional District 6 (115th Congress), Massachusetts",31901,1723,34475,5147,48680,3205,10854,2468,31048,1624,40406,3552,11449,2074,,,,,,,,,,
5001500US2507,2507,"Congressional District 7 (115th Congress), Massachusetts",29688,1062,30855,617,41873,886,11404,748,27495,1324,41562,764,11068,704,,,,,,,,,,
5001500US2508,2508,"Congressional District 8 (115th Congress), Massachusetts",32365,1011,34277,2717,47043,1620,11330,653,31730,934,42931,1926,12880,1794,,,,,,,,,,
5001500US2509,2509,"Congressional District 9 (115th Congress), Massachusetts",28253,2693,28372,4620,41970,6298,13694,2697,28207,3109,41719,5645,11386,2182,,,,,,,,,,
5001500US2601,2601,"Congressional District 1 (115th Congress), Michigan",10299,2029,9261,3172,29705,6925,4944,1233,12346,5958,26250,1723,5809,3918,,,,,,,,,,
5001500US2602,2602,"Congressional District 2 (115th Congress), Michigan",20438,1306,21978,2503,35553,3684,8241,1938,19123,2147,30007,2122,9104,1652,,,,,,,,,,
5001500US2603,2603,"Congressional District 3 (115th Congress), Michigan",20219,1022,21421,1138,30855,1072,7444,1223,18724,1854,31699,1646,8251,1426,,,,,,,,,,
5001500US2604,2604,"Congressional District 4 (115th Congress), Michigan",12705,2530,15383,3244,44447,9484,5660,1253,10000,3542,38674,15705,4970,1095,,,,,,,,,,
5001500US2605,2605,"Congressional District 5 (115th Congress), Michigan",18252,1122,18451,1626,33976,2617,7305,928,18097,1415,29938,1314,8426,755,,,,,,,,,,
5001500US2606,2606,"Congressional District 6 (115th Congress), Michigan",16895,1140,18475,2128,32858,3610,7339,1093,15869,1296,29014,2410,7499,1119,,,,,,,,,,
5001500US2607,2607,"Congressional District 7 (115th Congress), Michigan",16948,1944,15580,1690,35711,2093,4977,1084,19547,3720,31747,2369,7846,1012,,,,,,,,,,
5001500US2608,2608,"Congressional District 8 (115th Congress), Michigan",20739,947,22351,1429,39860,4293,7982,1450,18462,1844,37404,4017,7318,928,,,,,,,,,,
5001500US2609,2609,"Congressional District 9 (115th Congress), Michigan",27322,795,30487,1298,40035,1806,10002,1413,25779,872,34866,1351,10463,883,,,,,,,,,,
5001500US2610,2610,"Congressional District 10 (115th Congress), Michigan",27567,4508,31635,6591,47014,9828,9839,3583,26116,2849,42799,3615,10739,1683,,,,,,,,,,
5001500US2611,2611,"Congressional District 11 (115th Congress), Michigan",32192,1894,37274,4135,53197,3945,10860,2423,30329,2174,40872,2721,10666,1642,,,,,,,,,,
5001500US2612,2612,"Congressional District 12 (115th Congress), Michigan",24363,1233,26808,1174,36780,1532,8766,1454,21428,1106,36634,2340,7809,824,,,,,,,,,,
5001500US2613,2613,"Congressional District 13 (115th Congress), Michigan",21697,463,22483,847,35903,688,7466,522,21165,558,31860,492,8819,528,,,,,,,,,,
5001500US2614,2614,"Congressional District 14 (115th Congress), Michigan",24955,603,25482,715,38264,1825,8990,622,24327,888,36725,688,10428,463,,,,,,,,,,
5001500US2701,2701,"Congressional District 1 (115th Congress), Minnesota",17007,2420,20085,1957,30996,1765,9603,1796,12732,2118,27590,3858,8507,2012,,,,,,,,,,
5001500US2702,2702,"Congressional District 2 (115th Congress), Minnesota",28575,3501,30343,3172,43030,4070,10458,1624,26904,2664,39414,2831,11962,2373,,,,,,,,,,
5001500US2703,2703,"Congressional District 3 (115th Congress), Minnesota",27386,1289,29464,2219,39884,2678,11913,1503,25946,1473,37316,2756,12200,1350,,,,,,,,,,
5001500US2704,2704,"Congressional District 4 (115th Congress), Minnesota",22194,1038,25328,1466,36944,1992,8996,1304,19837,1479,34145,2168,10193,850,,,,,,,,,,
5001500US2705,2705,"Congressional District 5 (115th Congress), Minnesota",21412,682,23716,1832,35686,1283,9635,933,19650,1122,31833,1531,9803,672,,,,,,,,,,
5001500US2706,2706,"Congressional District 6 (115th Congress), Minnesota",22270,1639,25659,4097,37141,3283,11001,2488,20679,1455,32790,6404,7312,2078,,,,,,,,,,
5001500US2707,2707,"Congressional District 7 (115th Congress), Minnesota",21779,1460,25171,2482,33654,4841,10795,4811,11415,3593,27340,7374,8187,3102,,,,,,,,,,
5001500US2708,2708,"Congressional District 8 (115th Congress), Minnesota",12955,2106,11712,2053,27021,5527,4595,1691,15934,2650,32905,12496,7964,3335,,,,,,,,,,
5001500US2801,2801,"Congressional District 1 (115th Congress), Mississippi",23445,713,26538,664,33204,1649,9315,744,20969,544,28120,1052,9111,562,,,,,,,,,,
5001500US2802,2802,"Congressional District 2 (115th Congress), Mississippi",21615,310,23901,789,31405,415,8719,674,20128,461,27235,452,9022,438,,,,,,,,,,
5001500US2803,2803,"Congressional District 3 (115th Congress), Mississippi",22233,580,25227,903,33578,2237,7444,838,20727,528,27180,670,8624,743,,,,,,,,,,
5001500US2804,2804,"Congressional District 4 (115th Congress), Mississippi",20995,657,23919,2321,31478,885,10756,966,19126,756,27160,798,8458,828,,,,,,,,,,
5001500US2901,2901,"Congressional District 1 (115th Congress), Missouri",24434,628,25271,762,35098,1255,8642,666,23801,763,32499,676,9799,436,,,,,,,,,,
5001500US2902,2902,"Congressional District 2 (115th Congress), Missouri",31643,1713,31204,4850,46209,4604,9236,1691,31931,2179,46851,4704,11082,2449,,,,,,,,,,
5001500US2903,2903,"Congressional District 3 (115th Congress), Missouri",24911,2023,26022,1733,37105,3473,7097,1357,21916,3649,36506,2166,10822,1254,,,,,,,,,,
5001500US2904,2904,"Congressional District 4 (115th Congress), Missouri",18914,1874,20898,1832,36231,4336,7665,1549,17064,2023,30988,1768,7097,1316,,,,,,,,,,
5001500US2905,2905,"Congressional District 5 (115th Congress), Missouri",26067,496,27047,843,36472,769,9678,1210,25248,664,33149,982,10035,656,,,,,,,,,,
5001500US2906,2906,"Congressional District 6 (115th Congress), Missouri",30548,948,31603,1422,41357,1933,10527,1561,26490,2635,37241,2288,9554,2043,,,,,,,,,,
5001500US2907,2907,"Congressional District 7 (115th Congress), Missouri",19446,2948,22283,2343,30949,2292,9078,2012,15832,1885,24544,4065,7190,1134,,,,,,,,,,
5001500US2908,2908,"Congressional District 8 (115th Congress), Missouri",17238,1174,22273,3213,32773,4648,7335,1572,16133,796,23682,1806,9098,1480,,,,,,,,,,
5001500US3000,3000,"Congressional District (at Large) (115th Congress), Montana",23440,3095,23840,3015,30411,5318,-,**,20278,10495,27586,2857,5910,1645,,,,,,,,,,
5001500US3101,3101,"Congressional District 1 (115th Congress), Nebraska",22519,1758,26826,2257,37169,2845,7886,1825,18314,1615,28298,6088,9542,1241,,,,,,,,,,
5001500US3102,3102,"Congressional District 2 (115th Congress), Nebraska",23895,1062,25489,1248,35396,1459,8561,1213,22406,933,31438,861,9035,1429,,,,,,,,,,
5001500US3103,3103,"Congressional District 3 (115th Congress), Nebraska",19130,3631,20474,3580,29570,3857,7945,2790,17326,3031,23321,1534,13375,2420,,,,,,,,,,
5001500US3201,3201,"Congressional District 1 (115th Congress), Nevada",23701,1238,23998,2085,32356,1102,8966,1585,23462,1517,32332,1043,11477,1277,,,,,,,,,,
5001500US3202,3202,"Congressional District 2 (115th Congress), Nevada",26344,2211,29170,3118,36433,6824,10680,2431,21242,3132,31276,1805,7537,3223,,,,,,,,,,
5001500US3203,3203,"Congressional District 3 (115th Congress), Nevada",31827,1105,31718,1395,37480,3091,11475,1805,31943,1551,38948,2383,15546,2831,,,,,,,,,,
5001500US3204,3204,"Congressional District 4 (115th Congress), Nevada",28273,1383,29563,1967,39745,2503,11220,881,27373,1404,37257,1403,9954,1008,,,,,,,,,,
5001500US3301,3301,"Congressional District 1 (115th Congress), New Hampshire",28466,4233,31536,5179,45394,5332,10211,2739,22318,6876,32639,9843,13004,5344,,,,,,,,,,
5001500US3302,3302,"Congressional District 2 (115th Congress), New Hampshire",27048,5324,30672,7140,49176,5787,8652,3765,24337,6115,49844,18180,7880,2832,,,,,,,,,,
5001500US3401,3401,"Congressional District 1 (115th Congress), New Jersey",30883,719,32422,1999,45737,1855,10454,1067,29661,1500,42509,1865,11176,1153,,,,,,,,,,
5001500US3402,3402,"Congressional District 2 (115th Congress), New Jersey",22045,1235,19542,2156,40166,2522,6369,974,23744,1271,36549,1650,9616,1160,,,,,,,,,,
5001500US3403,3403,"Congressional District 3 (115th Congress), New Jersey",34481,1450,36197,1894,52139,1539,10450,1283,32417,1469,46098,3335,11280,1332,,,,,,,,,,
5001500US3404,3404,"Congressional District 4 (115th Congress), New Jersey",31552,1426,32238,2317,44179,4363,11030,1120,30979,1922,42007,3699,10739,927,,,,,,,,,,
5001500US3405,3405,"Congressional District 5 (115th Congress), New Jersey",40183,3383,40829,5761,55805,5682,13609,3515,39457,4716,51458,1969,9463,1645,,,,,,,,,,
5001500US3406,3406,"Congressional District 6 (115th Congress), New Jersey",35332,1440,38291,4542,52322,1860,10644,1158,32841,1934,46833,1955,11549,988,,,,,,,,,,
5001500US3407,3407,"Congressional District 7 (115th Congress), New Jersey",41064,1678,38147,5663,52914,5457,12315,2839,42060,3228,60163,3232,12337,2287,,,,,,,,,,
5001500US3408,3408,"Congressional District 8 (115th Congress), New Jersey",31853,1092,35979,1411,46392,2603,12391,1884,28994,2580,40017,2295,11904,797,,,,,,,,,,
5001500US3409,3409,"Congressional District 9 (115th Congress), New Jersey",33456,1981,36392,1602,45707,2904,11728,1084,31652,1240,40309,1825,13363,1535,,,,,,,,,,
5001500US3410,3410,"Congressional District 10 (115th Congress), New Jersey",30265,460,31583,578,43487,1330,11812,654,28363,1068,39634,1315,11940,567,,,,,,,,,,
5001500US3411,3411,"Congressional District 11 (115th Congress), New Jersey",46373,2649,50915,1632,64723,9868,10230,2719,41703,4636,60269,6341,9328,1800,,,,,,,,,,
5001500US3412,3412,"Congressional District 12 (115th Congress), New Jersey",34061,2093,32176,1716,46326,3223,10711,1349,35688,1200,50384,1993,11639,1002,,,,,,,,,,
5001500US3501,3501,"Congressional District 1 (115th Congress), New Mexico",24231,3412,26778,3983,41879,5784,10806,1124,21338,2154,34362,4954,8987,2547,,,,,,,,,,
5001500US3502,3502,"Congressional District 2 (115th Congress), New Mexico",19764,3184,23283,6380,38366,3923,5457,1136,16439,1573,39135,10903,9081,2236,,,,,,,,,,
5001500US3503,3503,"Congressional District 3 (115th Congress), New Mexico",28986,4014,30366,2745,37422,6914,8538,1664,23169,7586,37591,6233,7921,2419,,,,,,,,,,
5001500US3601,3601,"Congressional District 1 (115th Congress), New York",34684,4043,36238,2898,51067,3070,11134,3303,31162,3719,43843,2799,9713,1976,,,,,,,,,,
5001500US3602,3602,"Congressional District 2 (115th Congress), New York",36522,1034,36570,1757,47883,3489,13356,2427,36485,1175,47382,2763,11746,1126,,,,,,,,,,
5001500US3603,3603,"Congressional District 3 (115th Congress), New York",40214,2946,41189,2796,51586,4149,10679,2916,37623,4595,48994,2730,8664,1036,,,,,,,,,,
5001500US3604,3604,"Congressional District 4 (115th Congress), New York",40101,1442,40645,1593,52233,3156,12841,1652,39441,2327,50853,1908,12627,1557,,,,,,,,,,
5001500US3605,3605,"Congressional District 5 (115th Congress), New York",36259,411,36941,623,47770,1651,11509,534,35792,540,45853,931,12192,506,,,,,,,,,,
5001500US3606,3606,"Congressional District 6 (115th Congress), New York",41575,2311,42770,4452,54119,8509,11589,969,40191,4382,53576,4206,11566,1797,,,,,,,,,,
5001500US3607,3607,"Congressional District 7 (115th Congress), New York",29528,1244,30731,1228,39769,2300,11444,1171,27866,1953,40262,1421,11530,895,,,,,,,,,,
5001500US3608,3608,"Congressional District 8 (115th Congress), New York",35103,490,35819,654,44025,1363,12197,670,34113,1120,42249,534,12767,584,,,,,,,,,,
5001500US3609,3609,"Congressional District 9 (115th Congress), New York",32013,285,35023,1163,42337,720,12683,752,31010,370,39336,1041,12594,568,,,,,,,,,,
5001500US3610,3610,"Congressional District 10 (115th Congress), New York",40251,5522,40730,4501,63570,12347,12089,4763,37491,9054,61283,7715,13528,3979,,,,,,,,,,
5001500US3611,3611,"Congressional District 11 (115th Congress), New York",36853,1303,41404,1666,51074,1350,13378,1757,34487,2299,45438,2953,14297,2881,,,,,,,,,,
5001500US3612,3612,"Congressional District 12 (115th Congress), New York",37144,3421,40945,3413,62780,8158,17626,2953,35614,4798,45826,9536,14534,1699,,,,,,,,,,
5001500US3613,3613,"Congressional District 13 (115th Congress), New York",30106,956,30813,781,41942,1579,12094,883,28937,1583,41834,869,11759,555,,,,,,,,,,
5001500US3614,3614,"Congressional District 14 (115th Congress), New York",33955,1850,32202,2245,42279,3083,10774,1544,35074,1596,43275,2842,12721,1307,,,,,,,,,,
5001500US3615,3615,"Congressional District 15 (115th Congress), New York",25539,708,26925,868,35503,857,11844,737,23879,1127,36868,699,11020,559,,,,,,,,,,
5001500US3616,3616,"Congressional District 16 (115th Congress), New York",33658,1038,35467,939,46487,1639,12279,939,32417,1050,42422,1226,11944,557,,,,,,,,,,
5001500US3617,3617,"Congressional District 17 (115th Congress), New York",35549,1340,36922,2390,53736,3373,10586,1059,32485,3549,46616,4214,10789,1006,,,,,,,,,,
5001500US3618,3618,"Congressional District 18 (115th Congress), New York",32191,1328,34434,2956,47227,3427,9537,1269,31014,1596,42471,4181,10696,1323,,,,,,,,,,
5001500US3619,3619,"Congressional District 19 (115th Congress), New York",22977,2824,24652,3434,38076,3565,6490,1065,21256,3400,36651,3753,7799,2230,,,,,,,,,,
5001500US3620,3620,"Congressional District 20 (115th Congress), New York",22483,1237,22568,2166,35348,2819,7780,1426,22437,1359,32400,2469,8725,1221,,,,,,,,,,
5001500US3621,3621,"Congressional District 21 (115th Congress), New York",20894,1405,22437,2078,31128,2561,4537,1387,15000,5061,40417,8385,6024,1336,,,,,,,,,,
5001500US3622,3622,"Congressional District 22 (115th Congress), New York",18135,1548,19635,2764,40851,5483,8083,1603,17273,1609,28897,1589,8340,1080,,,,,,,,,,
5001500US3623,3623,"Congressional District 23 (115th Congress), New York",12683,2099,15053,3015,37273,10211,5561,885,10904,2162,31374,4569,3630,1049,,,,,,,,,,
5001500US3624,3624,"Congressional District 24 (115th Congress), New York",22433,1367,24748,1840,36309,2085,9456,1383,20471,1636,34710,1669,7986,860,,,,,,,,,,
5001500US3625,3625,"Congressional District 25 (115th Congress), New York",21916,777,22347,1282,35528,1527,8570,916,21542,960,34028,1758,9070,971,,,,,,,,,,
5001500US3626,3626,"Congressional District 26 (115th Congress), New York",23279,1113,24271,1919,36185,1361,9755,1149,22693,1300,34745,1404,10591,623,,,,,,,,,,
5001500US3627,3627,"Congressional District 27 (115th Congress), New York",23408,1920,22058,2320,38862,5423,7935,2527,25720,4104,39440,5084,6208,4446,,,,,,,,,,
5001500US3701,3701,"Congressional District 1 (115th Congress), North Carolina",23072,704,25368,826,34301,1313,7768,875,21616,568,31120,636,8653,415,,,,,,,,,,
5001500US3702,3702,"Congressional District 2 (115th Congress), North Carolina",27083,701,29622,1327,37576,1761,7558,1225,25609,859,33643,1431,9278,1025,,,,,,,,,,
5001500US3703,3703,"Congressional District 3 (115th Congress), North Carolina",22671,750,24385,888,32150,778,8176,1335,21041,839,30393,734,8599,744,,,,,,,,,,
5001500US3704,3704,"Congressional District 4 (115th Congress), North Carolina",30175,738,29307,1998,39430,2211,9640,1048,30515,792,38119,1355,10392,890,,,,,,,,,,
5001500US3705,3705,"Congressional District 5 (115th Congress), North Carolina",23509,1040,25259,1217,35086,1284,7415,771,22277,1256,32151,881,8539,1041,,,,,,,,,,
5001500US3706,3706,"Congressional District 6 (115th Congress), North Carolina",24189,751,26133,962,35978,797,8940,884,22802,985,31510,799,10026,677,,,,,,,,,,
5001500US3707,3707,"Congressional District 7 (115th Congress), North Carolina",20138,705,21726,908,31820,1119,6768,581,18829,943,28774,1380,9613,688,,,,,,,,,,
5001500US3708,3708,"Congressional District 8 (115th Congress), North Carolina",24648,545,26787,577,34968,1184,9456,777,22275,632,31526,765,9084,754,,,,,,,,,,
5001500US3709,3709,"Congressional District 9 (115th Congress), North Carolina",23084,761,26918,1283,36408,995,7909,739,21011,585,29869,1214,8400,699,,,,,,,,,,
5001500US3710,3710,"Congressional District 10 (115th Congress), North Carolina",21976,671,22313,1243,31538,1008,8016,1141,21752,707,27793,1295,9392,922,,,,,,,,,,
5001500US3711,3711,"Congressional District 11 (115th Congress), North Carolina",19441,2180,17194,2589,31229,2552,6811,1094,21097,1848,28550,2271,9926,3000,,,,,,,,,,
5001500US3712,3712,"Congressional District 12 (115th Congress), North Carolina",27814,720,29647,1088,40073,1138,10137,689,26713,548,36326,564,10495,462,,,,,,,,,,
5001500US3713,3713,"Congressional District 13 (115th Congress), North Carolina",22690,635,25018,978,34320,1587,8695,1026,21283,702,30737,661,8817,613,,,,,,,,,,
5001500US3800,3800,"Congressional District (at Large) (115th Congress), North Dakota",23102,2567,24936,2606,35326,2214,8525,925,19025,3426,31544,2696,8318,6402,,,,,,,,,,
5001500US3901,3901,"Congressional District 1 (115th Congress), Ohio",23254,1156,25909,934,36854,1751,9063,917,21836,672,33310,1803,9261,875,,,,,,,,,,
5001500US3902,3902,"Congressional District 2 (115th Congress), Ohio",26008,1595,25364,2631,36239,2015,7939,1834,26664,2075,38115,2476,10512,1233,,,,,,,,,,
5001500US3903,3903,"Congressional District 3 (115th Congress), Ohio",24135,632,25279,693,33551,1237,10203,618,22672,957,33987,1480,10122,683,,,,,,,,,,
5001500US3904,3904,"Congressional District 4 (115th Congress), Ohio",17421,1996,19705,2777,34811,4265,7066,1513,14824,2360,30757,2812,6955,959,,,,,,,,,,
5001500US3905,3905,"Congressional District 5 (115th Congress), Ohio",22425,2374,27353,4083,47679,6342,6079,1113,19014,3306,35484,4127,6958,1048,,,,,,,,,,
5001500US3906,3906,"Congressional District 6 (115th Congress), Ohio",14603,3058,11855,2690,32112,3017,4344,1093,20546,4272,30753,3244,4985,1848,,,,,,,,,,
5001500US3907,3907,"Congressional District 7 (115th Congress), Ohio",18374,1722,20093,2240,31131,1324,5108,1738,17240,1640,29580,4550,6515,1326,,,,,,,,,,
5001500US3908,3908,"Congressional District 8 (115th Congress), Ohio",24919,1343,27188,2877,39735,3805,8802,1259,21791,1424,35176,1948,7397,1084,,,,,,,,,,
5001500US3909,3909,"Congressional District 9 (115th Congress), Ohio",20158,721,20771,1075,32458,2551,6248,719,19596,1134,30917,1036,8146,991,,,,,,,,,,
5001500US3910,3910,"Congressional District 10 (115th Congress), Ohio",21902,686,23490,1871,36387,1396,6884,694,21080,838,31245,992,8088,845,,,,,,,,,,
5001500US3911,3911,"Congressional District 11 (115th Congress), Ohio",22647,513,22294,688,35779,754,7787,552,22921,569,32482,593,9386,480,,,,,,,,,,
5001500US3912,3912,"Congressional District 12 (115th Congress), Ohio",29940,2302,31507,1321,47431,6145,8533,1405,26790,2498,45006,3843,10085,2357,,,,,,,,,,
5001500US3913,3913,"Congressional District 13 (115th Congress), Ohio",18905,851,19871,1541,32104,2164,7050,655,18266,1003,29001,1518,8896,915,,,,,,,,,,
5001500US3914,3914,"Congressional District 14 (115th Congress), Ohio",31400,1542,32575,3392,50305,8208,6879,935,30748,1784,41294,3009,10632,2160,,,,,,,,,,
5001500US3915,3915,"Congressional District 15 (115th Congress), Ohio",25890,3091,26058,3786,43400,3539,6997,1055,25434,4859,41129,2966,9642,1866,,,,,,,,,,
5001500US3916,3916,"Congressional District 16 (115th Congress), Ohio",31732,2108,33660,4963,50019,8229,8821,3027,31000,2273,40852,3487,6927,2527,,,,,,,,,,
5001500US4001,4001,"Congressional District 1 (115th Congress), Oklahoma",23782,803,25758,911,33180,1901,9662,877,22346,829,29882,834,9611,659,,,,,,,,,,
5001500US4002,4002,"Congressional District 2 (115th Congress), Oklahoma",21555,1265,22403,2224,31757,992,6589,730,20569,1599,27262,1852,9869,1995,,,,,,,,,,
5001500US4003,4003,"Congressional District 3 (115th Congress), Oklahoma",20821,1295,21179,1646,30966,3156,6978,1267,20218,2088,30159,1264,7538,1939,,,,,,,,,,
5001500US4004,4004,"Congressional District 4 (115th Congress), Oklahoma",24271,1374,27884,1160,35925,2021,9644,1140,20435,1300,29592,2741,7298,1060,,,,,,,,,,
5001500US4005,4005,"Congressional District 5 (115th Congress), Oklahoma",23372,932,25534,1051,34933,1947,10655,1053,21782,1008,30595,852,9513,800,,,,,,,,,,
5001500US4101,4101,"Congressional District 1 (115th Congress), Oregon",31560,3323,35965,4034,47349,10088,9038,1783,26936,2776,37344,5573,11875,4011,,,,,,,,,,
5001500US4102,4102,"Congressional District 2 (115th Congress), Oregon",17970,3013,15637,4718,30926,13091,4966,2199,19970,17140,35861,2380,6883,3845,,,,,,,,,,
5001500US4103,4103,"Congressional District 3 (115th Congress), Oregon",22094,1664,23186,2860,37801,4029,9345,1728,20653,2631,35486,3683,7742,2007,,,,,,,,,,
5001500US4104,4104,"Congressional District 4 (115th Congress), Oregon",16072,2197,16116,2675,32500,4060,6310,4540,15942,3826,31389,5088,8333,3899,,,,,,,,,,
5001500US4105,4105,"Congressional District 5 (115th Congress), Oregon",30014,5432,32381,5675,47609,7301,10452,5586,25227,4999,34639,4543,8538,4751,,,,,,,,,,
5001500US4201,4201,"Congressional District 1 (115th Congress), Pennsylvania",27736,839,28420,1324,37897,1798,10872,602,27291,851,36179,929,10800,828,,,,,,,,,,
5001500US4202,4202,"Congressional District 2 (115th Congress), Pennsylvania",26934,543,27085,697,36363,971,10142,755,26810,727,36823,819,10166,482,,,,,,,,,,
5001500US4203,4203,"Congressional District 3 (115th Congress), Pennsylvania",17859,1115,19386,2117,32197,3231,9339,2234,16938,1597,27115,3174,6982,777,,,,,,,,,,
5001500US4204,4204,"Congressional District 4 (115th Congress), Pennsylvania",25900,1205,26804,1696,41270,1644,8087,1675,25120,1807,33853,2484,8305,1135,,,,,,,,,,
5001500US4205,4205,"Congressional District 5 (115th Congress), Pennsylvania",12389,1893,11221,1952,30598,4947,6228,1204,14343,5162,31667,3929,4020,1470,,,,,,,,,,
5001500US4206,4206,"Congressional District 6 (115th Congress), Pennsylvania",30139,1967,32699,3112,50428,6077,6994,1078,26695,2850,42446,3973,8668,1347,,,,,,,,,,
5001500US4207,4207,"Congressional District 7 (115th Congress), Pennsylvania",32305,1773,32603,4634,50676,4510,7659,1696,32142,1726,50145,4965,10127,1651,,,,,,,,,,
5001500US4208,4208,"Congressional District 8 (115th Congress), Pennsylvania",31773,1893,35341,3789,51387,5108,12336,4967,30215,2061,41474,4469,11843,4314,,,,,,,,,,
5001500US4209,4209,"Congressional District 9 (115th Congress), Pennsylvania",18332,1794,20356,3900,37234,6681,5406,1313,16917,2396,28468,3867,7277,1928,,,,,,,,,,
5001500US4210,4210,"Congressional District 10 (115th Congress), Pennsylvania",22541,1877,21755,2564,40083,6399,8396,2138,23775,3207,43902,6162,8042,2763,,,,,,,,,,
5001500US4211,4211,"Congressional District 11 (115th Congress), Pennsylvania",25567,1334,26438,2125,38429,5680,7764,2198,24784,2336,36108,1512,8770,1384,,,,,,,,,,
5001500US4212,4212,"Congressional District 12 (115th Congress), Pennsylvania",24939,2702,30921,2936,48963,7502,9756,1923,20173,4647,36503,3654,6750,834,,,,,,,,,,
5001500US4213,4213,"Congressional District 13 (115th Congress), Pennsylvania",30960,724,30896,1000,43404,1692,10204,892,31020,967,40703,1139,10958,744,,,,,,,,,,
5001500US4214,4214,"Congressional District 14 (115th Congress), Pennsylvania",22214,763,22766,1635,36871,1425,6574,627,21878,802,32443,727,8224,630,,,,,,,,,,
5001500US4215,4215,"Congressional District 15 (115th Congress), Pennsylvania",26359,1589,26041,2176,39975,4461,8182,2234,26702,1975,36182,1580,10036,1667,,,,,,,,,,
5001500US4216,4216,"Congressional District 16 (115th Congress), Pennsylvania",22718,1205,25078,1676,34248,1605,7555,1729,20371,1798,31822,979,8814,1422,,,,,,,,,,
5001500US4217,4217,"Congressional District 17 (115th Congress), Pennsylvania",25446,1556,24946,2295,37256,3533,7516,1439,25796,1946,40442,3935,9783,1744,,,,,,,,,,
5001500US4218,4218,"Congressional District 18 (115th Congress), Pennsylvania",21843,3751,24222,5213,41430,2345,5914,1635,20542,3684,38569,3261,9371,2312,,,,,,,,,,
5001500US4401,4401,"Congressional District 1 (115th Congress), Rhode Island",26332,1487,29569,2542,39251,3187,10603,1751,22599,3372,35229,2790,9932,1300,,,,,,,,,,
5001500US4402,4402,"Congressional District 2 (115th Congress), Rhode Island",25753,2650,30225,2364,42453,8755,11422,2160,21580,2601,35900,4968,9139,1913,,,,,,,,,,
5001500US4501,4501,"Congressional District 1 (115th Congress), South Carolina",25112,762,27761,1708,36835,2388,10222,1010,22471,941,31080,756,9682,922,,,,,,,,,,
5001500US4502,4502,"Congressional District 2 (115th Congress), South Carolina",26306,598,28806,1767,38604,1798,8704,1047,24405,1359,32953,1152,7700,808,,,,,,,,,,
5001500US4503,4503,"Congressional District 3 (115th Congress), South Carolina",21667,639,23428,1187,32315,2177,8620,1803,20205,897,29147,1288,8931,735,,,,,,,,,,
5001500US4504,4504,"Congressional District 4 (115th Congress), South Carolina",23740,771,26534,864,35403,1431,8777,1108,21801,633,29830,1231,9017,849,,,,,,,,,,
5001500US4505,4505,"Congressional District 5 (115th Congress), South Carolina",23965,763,25981,642,31599,686,8107,823,21919,612,29493,1206,8903,803,,,,,,,,,,
5001500US4506,4506,"Congressional District 6 (115th Congress), South Carolina",21061,362,22419,733,31161,519,7784,508,19856,553,27260,501,8592,465,,,,,,,,,,
5001500US4507,4507,"Congressional District 7 (115th Congress), South Carolina",19735,675,21438,817,30408,948,7669,962,18426,642,25068,721,9665,660,,,,,,,,,,
5001500US4600,4600,"Congressional District (at Large) (115th Congress), South Dakota",22712,2393,26329,2173,31204,959,10709,3547,17376,2514,24789,3911,6890,1481,,,,,,,,,,
5001500US4701,4701,"Congressional District 1 (115th Congress), Tennessee",18425,2561,18824,3207,31053,1050,9102,1098,17860,3194,25268,4323,8412,3065,,,,,,,,,,
5001500US4702,4702,"Congressional District 2 (115th Congress), Tennessee",21375,1072,22106,1715,34862,4821,10174,1459,20657,1664,30628,786,7352,976,,,,,,,,,,
5001500US4703,4703,"Congressional District 3 (115th Congress), Tennessee",22766,889,22617,1955,31914,2407,8631,1641,22847,1103,30873,905,7737,1283,,,,,,,,,,
5001500US4704,4704,"Congressional District 4 (115th Congress), Tennessee",25180,1312,26831,2126,39129,2968,10540,1088,23937,1670,34758,2034,7721,1423,,,,,,,,,,
5001500US4705,4705,"Congressional District 5 (115th Congress), Tennessee",26924,611,27985,924,36132,855,9909,815,26151,813,34403,1217,8958,795,,,,,,,,,,
5001500US4706,4706,"Congressional District 6 (115th Congress), Tennessee",26275,1750,27368,2887,36133,2535,7326,1442,24117,3365,35420,3289,8157,2360,,,,,,,,,,
5001500US4707,4707,"Congressional District 7 (115th Congress), Tennessee",25706,765,28397,2728,36033,1622,8959,1544,22631,1592,31218,1093,10260,876,,,,,,,,,,
5001500US4708,4708,"Congressional District 8 (115th Congress), Tennessee",26244,941,28443,1586,39520,2386,8313,1033,24476,1295,32889,1536,9522,1071,,,,,,,,,,
5001500US4709,4709,"Congressional District 9 (115th Congress), Tennessee",24506,384,25534,457,34502,1296,10424,531,23469,642,31837,475,10755,367,,,,,,,,,,
5001500US4801,4801,"Congressional District 1 (115th Congress), Texas",20480,753,23144,1770,35623,1633,6933,638,18770,809,27141,822,7167,416,,,,,,,,,,
5001500US4802,4802,"Congressional District 2 (115th Congress), Texas",35132,1891,35991,3295,46626,4031,13153,2250,34288,2372,47097,4027,11096,1730,,,,,,,,,,
5001500US4803,4803,"Congressional District 3 (115th Congress), Texas",40197,1619,42444,3011,51704,2369,10830,903,37430,2643,47639,2597,11303,1377,,,,,,,,,,
5001500US4804,4804,"Congressional District 4 (115th Congress), Texas",21837,956,25106,2416,35287,2183,9310,1415,19785,1318,27330,1888,8746,1024,,,,,,,,,,
5001500US4805,4805,"Congressional District 5 (115th Congress), Texas",26381,798,27407,1293,35989,1074,10255,922,25139,1346,32924,1628,10614,826,,,,,,,,,,
5001500US4806,4806,"Congressional District 6 (115th Congress), Texas",32380,1059,35989,1262,46484,2199,9622,1755,31054,869,39645,1587,11699,1143,,,,,,,,,,
5001500US4807,4807,"Congressional District 7 (115th Congress), Texas",35051,1890,40463,2229,49227,3436,13997,2949,31451,1703,40840,1553,11268,931,,,,,,,,,,
5001500US4808,4808,"Congressional District 8 (115th Congress), Texas",30869,1433,32776,2956,44448,2565,9758,1564,28047,2608,37317,2110,11091,1186,,,,,,,,,,
5001500US4809,4809,"Congressional District 9 (115th Congress), Texas",30063,928,30899,855,40730,1001,11560,675,28657,1505,37176,729,10174,716,,,,,,,,,,
5001500US4810,4810,"Congressional District 10 (115th Congress), Texas",27267,1583,30448,1746,41832,2319,8455,1476,25688,1366,38016,2572,8160,1215,,,,,,,,,,
5001500US4811,4811,"Congressional District 11 (115th Congress), Texas",25308,2251,26457,2074,36903,3657,10198,1407,23440,3653,31339,2721,9011,1358,,,,,,,,,,
5001500US4812,4812,"Congressional District 12 (115th Congress), Texas",30809,1243,32685,2469,42163,2214,11008,2148,28534,2318,37513,1775,9989,2206,,,,,,,,,,
5001500US4813,4813,"Congressional District 13 (115th Congress), Texas",19859,1378,22568,2312,33350,2724,8488,1975,17337,1180,26478,1188,8622,1374,,,,,,,,,,
5001500US4814,4814,"Congressional District 14 (115th Congress), Texas",24894,1043,27033,1364,40325,1795,7986,1189,23012,1270,33689,1783,9338,1088,,,,,,,,,,
5001500US4815,4815,"Congressional District 15 (115th Congress), Texas",35117,5999,37233,4267,52451,5468,10361,2578,26006,8590,41077,5066,5268,4642,,,,,,,,,,
5001500US4816,4816,"Congressional District 16 (115th Congress), Texas",31563,3262,34583,4373,40969,2813,11724,2578,27669,2684,36788,3407,10719,2226,,,,,,,,,,
5001500US4817,4817,"Congressional District 17 (115th Congress), Texas",23698,827,25850,1087,38527,3415,7519,1185,22208,952,31797,1089,7743,1126,,,,,,,,,,
5001500US4818,4818,"Congressional District 18 (115th Congress), Texas",26180,471,27748,1097,36563,1000,9965,857,24699,833,32485,834,10513,546,,,,,,,,,,
5001500US4819,4819,"Congressional District 19 (115th Congress), Texas",20954,956,21811,957,31597,2568,7235,1470,19578,1517,28741,1766,6918,956,,,,,,,,,,
5001500US4820,4820,"Congressional District 20 (115th Congress), Texas",26022,1423,26636,1698,38704,3641,8359,3216,25075,2097,39906,2638,8462,1554,,,,,,,,,,
5001500US4821,4821,"Congressional District 21 (115th Congress), Texas",29319,1694,30448,2355,40144,10011,7714,2241,28243,2252,37059,3823,10842,1808,,,,,,,,,,
5001500US4822,4822,"Congressional District 22 (115th Congress), Texas",44074,2802,48375,4984,60300,2898,12014,2257,41890,2049,52686,3031,11897,2037,,,,,,,,,,
5001500US4823,4823,"Congressional District 23 (115th Congress), Texas",29537,3528,30877,4561,46046,7035,7904,2883,28218,5290,40377,6270,7353,1735,,,,,,,,,,
5001500US4824,4824,"Congressional District 24 (115th Congress), Texas",35189,1003,36289,1308,44036,3653,14563,2005,33703,1707,40848,793,14754,1727,,,,,,,,,,
5001500US4825,4825,"Congressional District 25 (115th Congress), Texas",26198,1125,29741,1684,37202,3254,11098,1753,21442,1599,35482,3849,7886,1850,,,,,,,,,,
5001500US4826,4826,"Congressional District 26 (115th Congress), Texas",36159,1633,37409,2607,50077,3046,10862,1159,34388,2996,48288,2344,9064,1220,,,,,,,,,,
5001500US4827,4827,"Congressional District 27 (115th Congress), Texas",25306,1627,31557,2106,41857,2346,10858,1319,20981,1210,28925,2511,9724,1535,,,,,,,,,,
5001500US4828,4828,"Congressional District 28 (115th Congress), Texas",30487,2040,30873,2246,41156,5753,10053,2064,29915,3086,42447,4272,9654,2694,,,,,,,,,,
5001500US4829,4829,"Congressional District 29 (115th Congress), Texas",28002,1821,31030,1947,41546,2778,10847,1137,25388,1991,37021,1673,9200,1889,,,,,,,,,,
5001500US4830,4830,"Congressional District 30 (115th Congress), Texas",29234,896,29962,1311,40269,976,9838,764,28868,956,37097,738,11035,529,,,,,,,,,,
5001500US4831,4831,"Congressional District 31 (115th Congress), Texas",30046,917,31650,762,41094,2164,10546,1118,26603,1698,35257,1254,8681,1173,,,,,,,,,,
5001500US4832,4832,"Congressional District 32 (115th Congress), Texas",30275,792,31253,1319,38983,2792,10938,1937,29089,1735,38214,2275,10216,1057,,,,,,,,,,
5001500US4833,4833,"Congressional District 33 (115th Congress), Texas",24035,947,25410,1290,32466,2109,10165,1613,22962,1123,31397,843,10099,780,,,,,,,,,,
5001500US4834,4834,"Congressional District 34 (115th Congress), Texas",21348,3125,23688,4357,40255,6236,6429,1093,16274,5220,22300,4926,4505,2105,,,,,,,,,,
5001500US4835,4835,"Congressional District 35 (115th Congress), Texas",24845,1183,26546,1210,35481,2622,10140,1309,22177,1409,33975,1836,8640,1327,,,,,,,,,,
5001500US4836,4836,"Congressional District 36 (115th Congress), Texas",26519,977,32041,2127,43388,1501,10036,2490,21809,1670,33203,2689,9729,1269,,,,,,,,,,
5001500US4901,4901,"Congressional District 1 (115th Congress), Utah",24758,3845,27447,10384,36892,3347,5883,1628,18696,3264,30332,7370,9074,4806,,,,,,,,,,
5001500US4902,4902,"Congressional District 2 (115th Congress), Utah",24733,3418,25506,3450,38567,6991,7254,2348,22246,5565,33889,6458,4691,2542,,,,,,,,,,
5001500US4903,4903,"Congressional District 3 (115th Congress), Utah",26786,3512,31808,3656,46797,9023,6436,2567,20347,13913,29775,4441,7870,3887,,,,,,,,,,
5001500US4904,4904,"Congressional District 4 (115th Congress), Utah",25537,1902,30048,5987,41451,4399,10581,5065,20663,3021,26787,2710,10631,3237,,,,,,,,,,
5001500US5000,5000,"Congressional District (at Large) (115th Congress), Vermont",20567,2097,24563,5659,35840,2663,6682,1737,16160,3744,36090,9392,4840,1465,,,,,,,,,,
5001500US5101,5101,"Congressional District 1 (115th Congress), Virginia",36201,1054,41092,1327,53052,2350,11619,905,31288,1446,44567,2234,10667,711,,,,,,,,,,
5001500US5102,5102,"Congressional District 2 (115th Congress), Virginia",28758,1204,31694,778,40015,1603,10440,970,26077,831,32985,1188,11165,593,,,,,,,,,,
5001500US5103,5103,"Congressional District 3 (115th Congress), Virginia",26462,487,30559,662,41122,824,8578,608,23968,721,33085,948,9638,558,,,,,,,,,,
5001500US5104,5104,"Congressional District 4 (115th Congress), Virginia",25168,618,25724,896,39432,1922,8018,677,24706,855,35922,635,8791,615,,,,,,,,,,
5001500US5105,5105,"Congressional District 5 (115th Congress), Virginia",23664,855,25494,824,35873,939,8485,651,21924,868,31201,833,9005,717,,,,,,,,,,
5001500US5106,5106,"Congressional District 6 (115th Congress), Virginia",22143,1083,24883,1487,36613,1176,7603,1106,20517,1175,30498,1024,8453,1567,,,,,,,,,,
5001500US5107,5107,"Congressional District 7 (115th Congress), Virginia",31667,591,32729,1351,42390,1372,10222,1068,30983,725,39411,1388,10844,674,,,,,,,,,,
5001500US5108,5108,"Congressional District 8 (115th Congress), Virginia",39343,1820,40022,1934,51676,2125,13744,1526,38380,2593,52996,3396,12369,1144,,,,,,,,,,
5001500US5109,5109,"Congressional District 9 (115th Congress), Virginia",17955,1180,17609,1573,31358,2005,6056,813,18397,2319,30282,3103,8781,1328,,,,,,,,,,
5001500US5110,5110,"Congressional District 10 (115th Congress), Virginia",45189,3034,49727,3336,67143,6517,10443,2760,39350,4526,58418,3585,10733,1548,,,,,,,,,,
5001500US5111,5111,"Congressional District 11 (115th Congress), Virginia",43662,1930,48612,3917,61815,1828,11012,1117,38239,2255,56701,1739,11221,951,,,,,,,,,,
5001500US5301,5301,"Congressional District 1 (115th Congress), Washington",38842,5644,48260,8750,67639,13729,8650,3704,33164,6093,48112,2871,10918,4676,,,,,,,,,,
5001500US5302,5302,"Congressional District 2 (115th Congress), Washington",31809,1816,35643,3116,42390,4152,14838,5624,26107,2653,34623,3604,11298,2083,,,,,,,,,,
5001500US5303,5303,"Congressional District 3 (115th Congress), Washington",28993,3077,36051,5355,48750,4328,14028,4739,24500,2254,32699,9648,15619,1594,,,,,,,,,,
5001500US5304,5304,"Congressional District 4 (115th Congress), Washington",21875,4956,32787,8186,45337,14667,6945,2208,17188,1934,28194,10548,12532,4067,,,,,,,,,,
5001500US5305,5305,"Congressional District 5 (115th Congress), Washington",19838,1697,19729,2609,32548,9676,7306,2960,20005,2437,27870,3936,8607,3424,,,,,,,,,,
5001500US5306,5306,"Congressional District 6 (115th Congress), Washington",27924,2119,28764,3273,37117,4542,9406,2726,27154,3225,36726,5603,9840,1587,,,,,,,,,,
5001500US5307,5307,"Congressional District 7 (115th Congress), Washington",28838,1751,30425,2424,44932,7415,14284,4022,25233,3839,40661,1774,11314,1678,,,,,,,,,,
5001500US5308,5308,"Congressional District 8 (115th Congress), Washington",35215,3782,38591,5725,55108,4126,10493,3006,30689,4463,45670,5177,9525,5234,,,,,,,,,,
5001500US5309,5309,"Congressional District 9 (115th Congress), Washington",27047,1026,29514,1684,44785,3078,12392,1830,25266,1135,38890,3268,11557,1033,,,,,,,,,,
5001500US5310,5310,"Congressional District 10 (115th Congress), Washington",32433,2595,36189,2392,45050,2009,12580,3607,30373,1569,39391,1921,13871,3416,,,,,,,,,,
5001500US5401,5401,"Congressional District 1 (115th Congress), West Virginia",16648,3403,15034,5107,35807,3138,5895,1152,18632,4338,33081,5303,6825,3295,,,,,,,,,,
5001500US5402,5402,"Congressional District 2 (115th Congress), West Virginia",23977,2061,27344,2669,40428,2569,7470,2142,20718,1833,31140,2478,7217,852,,,,,,,,,,
5001500US5403,5403,"Congressional District 3 (115th Congress), West Virginia",19023,2948,18798,3021,33325,6485,6466,1252,19448,4636,30473,1999,7105,1146,,,,,,,,,,
5001500US5501,5501,"Congressional District 1 (115th Congress), Wisconsin",20962,1166,21661,1728,35949,1900,8503,1778,20214,2244,30660,1280,8880,1762,,,,,,,,,,
5001500US5502,5502,"Congressional District 2 (115th Congress), Wisconsin",21380,1010,22299,2838,33662,6160,9398,2756,20431,2286,29197,3124,9270,2671,,,,,,,,,,
5001500US5503,5503,"Congressional District 3 (115th Congress), Wisconsin",15205,3131,16307,2284,28341,3786,7185,2773,11326,2646,30258,3999,6046,3671,,,,,,,,,,
5001500US5504,5504,"Congressional District 4 (115th Congress), Wisconsin",22305,412,23990,896,35319,1143,8686,664,21317,608,31607,405,10348,443,,,,,,,,,,
5001500US5505,5505,"Congressional District 5 (115th Congress), Wisconsin",25009,3144,30649,3407,38562,3446,6326,1451,21507,3067,33115,6948,7391,2338,,,,,,,,,,
5001500US5506,5506,"Congressional District 6 (115th Congress), Wisconsin",20523,2042,22034,3250,31938,7768,5088,1485,18197,2732,26951,12102,10783,4487,,,,,,,,,,
5001500US5507,5507,"Congressional District 7 (115th Congress), Wisconsin",19643,1615,19394,1540,25806,5608,4494,1212,20556,5165,35139,17672,-,**,,,,,,,,,,
5001500US5508,5508,"Congressional District 8 (115th Congress), Wisconsin",19050,2802,19912,2867,31291,3882,6820,1008,17026,2890,28913,3274,6946,3547,,,,,,,,,,
5001500US5600,5600,"Congressional District (at Large) (115th Congress), Wyoming",26674,2699,30817,6467,45246,11984,7036,5183,20084,5857,33631,9206,5456,2595,,,,,,,,,,
5001500US7298,7298,"Resident Commissioner District (at Large) (115th Congress), Puerto Rico",16334,292,16682,329,22427,569,7227,454,15834,386,22848,757,7817,320,,,,,,,,,,
